appid,store_market,available_in_cn,name,type,is_free,release_date_text,coming_soon,currency,initial_price,final_price,discount_percent,developers,publishers,genres,supports_simplified_chinese,all_review_count,all_positive_count,all_negative_count,chinese_review_count,chinese_positive_count,chinese_negative_count,non_chinese_review_count,non_chinese_positive_count,chinese_review_share,all_positive_rate,chinese_positive_rate,non_chinese_positive_rate,positive_rate_gap,chinese_vs_non_chinese_gap,mostplayed_rank,topselling_rank,chart_count,snapshot_date,collected_at_utc
730,cn,True,Counter-Strike 2,game,True,"15 Sep, 2017",False,,,,,Valve,Valve,Action | Free To Play,True,9853329,8462856,1390473,1412108,1257484,154624,8441221,7205372,0.1433127829183416,0.858882921700879,0.8905012931022273,0.8535935737258863,0.031618371401348266,0.036907719376340964,1,3,2,2026-09-12,2026-09-13T05:31:56+00:00
1867240,cn,True,WARDOGS,game,False,"10 Sep, 2026",False,CNY,149.0,149.0,0,BULKHEAD,Team17,Action | Indie | Massively Multiplayer | Simulation | Early Access,True,40156,31475,8681,2683,1034,1649,37473,30441,0.0668144237473852,0.7838181093734435,0.38538948937756246,0.8123448883195901,-0.3984286199958811,-0.4269553989420276,4,1,2,2026-09-12,2026-09-13T05:31:56+00:00
570,cn,True,Dota 2,game,True,"9 Jul, 2013",False,,,,,Valve,Valve,Action | Strategy | Free To Play,True,2777255,2235784,541471,206790,162761,44029,2570465,2073023,0.0744584130733404,0.8050337473512515,0.7870835146767252,0.806477816270597,-0.017950232674526334,-0.019394301593871788,2,6,2,2026-09-12,2026-09-13T05:31:56+00:00
578080,cn,True,PUBG: BATTLEGROUNDS,game,True,"21 Dec, 2017",False,,,,,PUBG Corporation,"KRAFTON, Inc.",Action | Adventure | Massively Multiplayer | Free To Play,True,2753421,1667063,1086358,1401283,713969,687314,1352138,953094,0.508924352650757,0.605451545550063,0.5095109267721082,0.7048792356993148,-0.09594061877795479,-0.19536830892720658,3,2,2,2026-09-12,2026-09-13T05:31:56+00:00
2767030,cn,True,Marvel Rivals,game,True,"5 Dec, 2024",False,,,,,NetEase Games,NetEase Games,Action | Adventure | Casual | Massively Multiplayer | Racing | RPG | Strategy | Free To Play,True,415507,314252,101255,18247,10443,7804,397260,303809,0.04391502429561957,0.7563097613277273,0.5723132569737491,0.7647611136283542,-0.18399650435397819,-0.19244785665460507,10,4,2,2026-09-12,2026-09-13T05:31:56+00:00
892970,cn,True,Valheim,game,False,"9 Sep, 2026",False,CNY,89.0,89.0,0,Iron Gate AB,Coffee Stain Publishing,Action | Adventure | Indie | RPG,True,546531,513404,33127,21548,18269,3279,524983,495135,0.03942685776287164,0.9393867868428324,0.8478281046964915,0.9431448256419732,-0.09155868214634089,-0.09531672094548171,5,16,2,2026-09-12,2026-09-13T05:31:56+00:00
1172470,cn,True,Apex Legends™,game,True,"4 Nov, 2020",False,,,,,Respawn,Electronic Arts,Action | Adventure | Free To Play,True,1068550,724054,344496,270071,120377,149694,798479,603677,0.2527453090636844,0.677604230031351,0.4457235319601142,0.7560336589941626,-0.23188069807123673,-0.3103101270340484,8,5,2,2026-09-12,2026-09-13T05:31:56+00:00
2357570,cn,True,Overwatch®,game,True,"10 Aug, 2023",False,,,,,"Blizzard Entertainment, Inc.","Blizzard Entertainment, Inc.",Action | Free To Play,True,422053,133545,288508,145444,11271,134173,276609,122274,0.34461074793923985,0.31641760631958543,0.07749374329638899,0.44204635424010064,-0.23892386302319646,-0.36455261094371166,13,7,2,2026-09-12,2026-09-13T05:31:56+00:00
3419430,cn,True,Bongo Cat,game,True,"5 Mar, 2025",False,,,,,Irox Games,Irox Games,Casual | Indie | Massively Multiplayer | Simulation | Free To Play,True,110405,106611,3794,25610,24363,1247,84795,82248,0.23196413205923644,0.9656356143290612,0.951308082780164,0.9699628515832301,-0.01432753154889721,-0.018654768803066157,7,,1,2026-09-12,2026-09-13T05:31:56+00:00
3751260,cn,True,The Blood of Dawnwalker,game,False,"2 Sep, 2026",False,CNY,298.0,298.0,0,Rebel Wolves,Bandai Namco Entertainment,Action | Adventure | RPG,True,19327,16540,2787,1214,963,251,18113,15577,0.06281368034356082,0.855797588865318,0.7932454695222405,0.8599900623861315,-0.06255211934307747,-0.066744592863891,42,8,2,2026-09-12,2026-09-13T05:31:56+00:00
252490,cn,True,Rust,game,False,"8 Feb, 2018",False,CNY,138.0,69.0,50,Facepunch Studios,Facepunch Studios,Action | Adventure | Indie | Massively Multiplayer | RPG,True,1397721,1212240,185481,28403,21473,6930,1369318,1190767,0.020320936724854244,0.8672975507987646,0.7560116889061015,0.8696058913999524,-0.1112858618926631,-0.11359420249385088,9,30,2,2026-09-12,2026-09-13T05:31:56+00:00
2344520,cn,True,Diablo® IV,game,False,"17 Oct, 2023",False,CNY,348.0,87.0,75,"Blizzard Entertainment, Inc.","Blizzard Entertainment, Inc.",Action | Adventure | Casual | Massively Multiplayer | RPG,True,75289,49067,26222,19555,8749,10806,55734,40318,0.2597324974431856,0.6517153900304161,0.4474047558169266,0.7234004377938063,-0.2043106342134895,-0.2759956819768796,,9,1,2026-09-12,2026-09-13T05:31:56+00:00
1285190,cn,True,Borderlands 4,game,False,"11 Sep, 2025",False,CNY,298.0,149.0,50,Gearbox Software,2K,Action | Adventure | RPG,True,84112,48791,35321,8171,3167,5004,75941,45624,0.09714428381206011,0.5800718090165493,0.3875902582303268,0.6007821861708431,-0.19248155078622253,-0.21319192794051633,74,10,2,2026-09-12,2026-09-13T05:31:56+00:00
1623730,cn,True,Palworld,game,False,"9 Jul, 2026",False,CNY,108.0,108.0,0,Pocketpair,Pocketpair,Action | Adventure | Indie | RPG,True,487086,460610,26476,140520,129799,10721,346566,330811,0.2884911494068809,0.9456440957038388,0.9237048107031027,0.9545396836389028,-0.021939285000736053,-0.030834872935800117,11,65,2,2026-09-12,2026-09-13T05:31:56+00:00
3219630,cn,True,Halloween: The Game,game,False,"8 Sep, 2026",False,CNY,137.0,137.0,0,IllFonic,IllFonic Publishing | Co-Publisher: Gun Interactive,Action,True,11168,7690,3478,286,108,178,10882,7582,0.025608882521489972,0.6885744985673352,0.3776223776223776,0.6967469215217791,-0.3109521209449576,-0.3191245438994015,89,11,2,2026-09-12,2026-09-13T05:31:56+00:00
359550,cn,True,Tom Clancy's Rainbow Six Siege,game,True,"1 Dec, 2015",False,,,,,Ubisoft Montreal,Ubisoft,Action | Free To Play,True,1551621,1274462,277159,199048,150601,48447,1352573,1123861,0.12828390438128898,0.8213745495839513,0.7566064466862265,0.830905984372008,-0.06476810289772483,-0.07429953768578157,12,35,2,2026-09-12,2026-09-13T05:31:56+00:00
4001890,cn,True,How to Fish,game,False,"20 Aug, 2026",False,CNY,33.0,33.0,0,Dazed Games,Dazed Games,Action | Casual | Indie | Simulation,True,61592,58560,3032,10855,9927,928,50737,48633,0.17624042083387453,0.9507728276399532,0.9145094426531553,0.9585312493840786,-0.03626338498679793,-0.044021806730923374,38,12,2,2026-09-12,2026-09-13T05:31:56+00:00
2406770,cn,True,Bodycam,game,False,"7 Jun, 2024",False,CNY,128.0,128.0,0,Reissad Studio,Reissad Studio,Action | Indie | Massively Multiplayer | Simulation | Strategy | Early Access,True,61591,49115,12476,2949,2160,789,58642,46955,0.04788037213229206,0.797437937360978,0.7324516785350966,0.8007059786501143,-0.06498625882588138,-0.06825430011501765,95,13,2,2026-09-12,2026-09-13T05:31:56+00:00
2638890,cn,True,Onimusha: Way of the Sword,game,False,"3 Sep, 2026",False,CNY,298.0,298.0,0,"CAPCOM Co., Ltd.","CAPCOM Co., Ltd.",Action | Adventure | RPG,True,16044,14344,1700,7513,6360,1153,8531,7984,0.4682747444527549,0.894041386187983,0.8465326766937309,0.9358809049349431,-0.04750870949425212,-0.08934822824121225,51,14,2,2026-09-12,2026-09-13T05:31:56+00:00
2694490,us,False,Path of Exile 2,game,False,"Dec 6, 2024",False,USD,29.99,29.99,0,Grinding Gear Games,Grinding Gear Games,Action | Adventure | Massively Multiplayer | RPG | Early Access,False,225998,169351,56647,2675,1509,1166,223323,167842,0.011836387932636572,0.7493473393569855,0.5641121495327103,0.7515661172382603,-0.18523518982427523,-0.18745396770555,14,22,2,2026-09-12,2026-09-13T05:31:56+00:00
275850,cn,True,No Man's Sky,game,False,"12 Aug, 2016",False,CNY,175.0,70.0,60,Hello Games,Hello Games,Action | Adventure,True,417277,355381,61896,66893,58890,8003,350384,296491,0.16030838028455918,0.8516668783565833,0.8803611738148984,0.8461887529110919,0.028694295458315144,0.034172420903806566,37,15,2,2026-09-12,2026-09-13T05:31:56+00:00
3678970,cn,True,TBH: Task Bar Hero,game,True,"27 May, 2026",False,,,,,Nugem Studio | Tesseract Studio,Nugem Studio,Casual | Indie | RPG | Free To Play,True,45987,24638,21349,9651,2351,7300,36336,22287,0.20986365712049057,0.5357601061169461,0.2436016993057714,0.6133586525759577,-0.2921584068111747,-0.36975695327018626,15,,1,2026-09-12,2026-09-13T05:31:56+00:00
108600,cn,True,Project Zomboid,game,False,"8 Nov, 2013",False,CNY,93.0,93.0,0,The Indie Stone,The Indie Stone,Indie | RPG | Simulation | Early Access,True,480857,450929,29928,29018,24977,4041,451839,425952,0.06034642315698846,0.9377611223295075,0.8607416086566958,0.9427074688107933,-0.07701951367281168,-0.08196586015409746,16,82,2,2026-09-12,2026-09-13T05:31:56+00:00
3405690,cn,True,EA SPORTS FC™ 26,game,False,"25 Sep, 2025",False,CNY,118.0,118.0,0,EA Canada | EA Romania,Electronic Arts,Simulation | Sports,True,106250,53852,52398,8197,2363,5834,98053,51489,0.07714823529411764,0.5068423529411765,0.2882761986092473,0.525113968975962,-0.21856615433192922,-0.23683777036671466,17,,1,2026-09-12,2026-09-13T05:31:56+00:00
4356430,cn,True,NBA 2K27,game,False,"3 Sep, 2026",False,CNY,298.0,298.0,0,Visual Concepts,2K,Sports,True,2111,1089,1022,719,263,456,1392,826,0.34059687351965895,0.5158692562766461,0.3657858136300417,0.5933908045977011,-0.15008344264660445,-0.2276049909676594,97,17,2,2026-09-12,2026-09-13T05:31:56+00:00
271590,cn,True,Grand Theft Auto V Legacy,game,False,"13 Apr, 2015",False,,,,,Rockstar North,Rockstar Games,Action | Adventure,True,2077631,1821612,256019,515495,447909,67586,1562136,1373703,0.24811672525101908,0.8767735945410903,0.8688910658687281,0.8793747791485504,-0.007882528672362166,-0.010483713279822338,18,,1,2026-09-12,2026-09-13T05:31:56+00:00
3240220,cn,True,Grand Theft Auto V Enhanced,game,False,"4 Mar, 2025",False,CNY,149.0,74.5,50,Rockstar North,Rockstar Games,Action | Adventure | Racing,True,223183,185019,38164,55107,43940,11167,168076,141079,0.24691396746167943,0.8290013128240055,0.7973578674215617,0.839376234560556,-0.03164344540244379,-0.04201836713899432,19,18,2,2026-09-12,2026-09-13T05:31:56+00:00
230410,cn,True,Warframe,game,True,"25 Mar, 2013",False,,,,,Digital Extremes,Digital Extremes,Action | RPG | Free To Play,True,676877,594379,82498,132999,95104,37895,543878,499275,0.19648917011510214,0.8781196583722005,0.7150730456619975,0.91799079940722,-0.16304661271020304,-0.20291775374522247,28,19,2,2026-09-12,2026-09-13T05:31:56+00:00
236390,cn,True,War Thunder,game,True,"15 Aug, 2013",False,,,,,Gaijin Entertainment,Gaijin Network Ltd,Action | Massively Multiplayer | Simulation | Free To Play,True,783037,557302,225735,96621,44167,52454,686416,513135,0.12339263661870384,0.7117186033354745,0.45711594787882553,0.7475568751311158,-0.254602655456649,-0.29044092725229026,20,39,2,2026-09-12,2026-09-13T05:31:56+00:00
2807960,cn,True,Battlefield™ 6,game,False,"10 Oct, 2025",False,CNY,268.0,134.0,50,Battlefield Studios,Electronic Arts,Action,True,367271,234483,132788,57611,20472,37139,309660,214011,0.15686237138243966,0.6384468144775929,0.3553488049157279,0.6911160627785313,-0.283098009561865,-0.3357672578628034,41,20,2,2026-09-12,2026-09-13T05:31:56+00:00
381210,cn,True,Dead by Daylight,game,False,"14 Jun, 2016",False,CNY,93.75,93.75,0,Behaviour Interactive Inc.,Behaviour Interactive Inc.,Action,True,934193,731615,202578,115937,73285,42652,818256,658330,0.12410390572397781,0.7831518754689877,0.6321105427947937,0.8045526094522986,-0.15104133267419395,-0.17244206665750483,21,27,2,2026-09-12,2026-09-13T05:31:56+00:00
3393280,cn,True,Anime Shop Simulator ✨,game,False,"11 Sep, 2026",False,CNY,40.0,34.0,15, One More Time, One More Time |  Polnoch,Action | Adventure | Casual | Massively Multiplayer | RPG | Simulation | Sports,True,238,178,60,4,2,2,234,176,0.01680672268907563,0.7478991596638656,0.5,0.7521367521367521,-0.24789915966386555,-0.25213675213675213,,21,1,2026-09-12,2026-09-13T05:31:56+00:00
1422450,cn,True,Deadlock,game,False,To be announced,True,,,,,Valve,Valve,Action,True,0,0,0,0,0,0,0,0,,,,,,,22,,1,2026-09-12,2026-09-13T05:31:56+00:00
431960,cn,True,Wallpaper Engine,game,False,"16 Nov, 2018",False,CNY,22.9,22.9,0,Wallpaper Engine Team,Wallpaper Engine Team,Casual | Indie | Animation & Modeling | Design & Illustration | Photo Editing | Utilities,True,1015728,990918,24810,453510,439890,13620,562218,551028,0.446487642360947,0.9755741694626908,0.9699675861612754,0.9800966884731546,-0.005606583301415391,-0.010129102311879135,23,76,2,2026-09-12,2026-09-13T05:31:56+00:00
2183900,cn,True,"Warhammer 40,000: Space Marine 2",game,False,"9 Sep, 2024",False,CNY,249.0,62.25,75,Saber Interactive,Focus Entertainment,Action | Adventure | RPG,True,225034,188956,36078,26843,16198,10645,198191,172758,0.11928419705466729,0.8396775598354026,0.6034347874678687,0.8716742939891317,-0.23624277236753388,-0.26823950652126294,87,23,2,2026-09-12,2026-09-13T05:31:56+00:00
2075800,cn,True,STAR WARS Zero Company™,game,False,"27 Aug, 2026",False,CNY,198.0,198.0,0,Bit Reactor,Electronic Arts,Adventure | RPG | Simulation | Sports | Strategy,True,18969,15578,3391,402,239,163,18567,15339,0.021192471927882334,0.8212346460013706,0.5945273631840796,0.8261431572144127,-0.22670728281729102,-0.23161579403033306,99,24,2,2026-09-12,2026-09-13T05:31:56+00:00
2507950,cn,True,Delta Force,game,True,"4 Dec, 2024",False,,,,,Team Jade,TiMi Studio Group,Action | Adventure | Massively Multiplayer | Free To Play,True,195039,112685,82354,61525,24933,36592,133514,87752,0.31544973056670716,0.5777562436230702,0.40524989841527836,0.6572494270263792,-0.17250634520779184,-0.25199952861110086,24,48,2,2026-09-12,2026-09-13T05:31:56+00:00
250900,cn,True,The Binding of Isaac: Rebirth,game,False,"4 Nov, 2014",False,CNY,48.0,48.0,0,"Nicalis, Inc. | Edmund McMillen","Nicalis, Inc.",Action,False,454629,440336,14293,56539,54377,2162,398090,385959,0.12436294209124363,0.9685611784553999,0.9617609083995119,0.9695269913838579,-0.006800270055888014,-0.007766082984346001,25,,1,2026-09-12,2026-09-13T05:31:56+00:00
3624140,cn,True,Wanderburg,game,False,"8 Sep, 2026",False,CNY,52.0,33.8,35,Randwerk,Sidekick Publishing,Action | Casual | Indie | RPG | Simulation | Strategy | Early Access,True,1592,1255,337,217,90,127,1375,1165,0.13630653266331658,0.7883165829145728,0.4147465437788018,0.8472727272727273,-0.373570039135771,-0.43252618349392546,,25,1,2026-09-12,2026-09-13T05:31:56+00:00
440,cn,True,Team Fortress 2,game,True,"10 Oct, 2007",False,,,,,Valve,Valve,Action | Free To Play,True,1250541,1138459,112082,19587,17896,1691,1230954,1120563,0.015662821131014498,0.9103731904831589,0.9136672282636442,0.9103207755935641,0.003294037780485315,0.003346452670080158,26,66,2,2026-09-12,2026-09-13T05:31:56+00:00
1144200,cn,True,Ready or Not,game,False,"13 Dec, 2023",False,CNY,159.0,79.5,50,VOID Interactive,VOID Interactive,Action | Adventure | Indie,True,345817,272357,73460,35150,25918,9232,310667,246439,0.10164335472229531,0.7875755095903325,0.7373541963015647,0.7932577325560809,-0.05022131328876778,-0.05590353625451616,,26,1,2026-09-12,2026-09-13T05:31:56+00:00
322170,cn,True,Geometry Dash,game,False,"22 Dec, 2014",False,CNY,22.0,22.0,0,RobTop Games,RobTop Games,Action | Indie,False,641359,596490,44869,5416,5133,283,635943,591357,0.008444568486604227,0.9300407416127318,0.9477474150664698,0.9298899429665867,0.017706673453737998,0.017857472099883087,27,,1,2026-09-12,2026-09-13T05:31:56+00:00
553850,cn,True,HELLDIVERS™ 2,game,False,"8 Feb, 2024",False,CNY,198.0,198.0,0,Arrowhead Game Studios,PlayStation Publishing LLC,Action,True,1161860,877785,284075,116568,37593,78975,1045292,840192,0.1003287831580397,0.7554998020415541,0.32249845583693637,0.8037868844303793,-0.4330013462046177,-0.4812884285934429,32,28,2,2026-09-12,2026-09-13T05:31:56+00:00
2868840,cn,True,Slay the Spire 2,game,False,"5 Mar, 2026",False,CNY,88.0,88.0,0,Mega Crit,Mega Crit,Indie | Strategy | Early Access,True,200534,122418,78116,98896,31311,67585,101638,91107,0.49316325411152223,0.6104600716088044,0.3166053227633069,0.8963871780239674,-0.29385474884549756,-0.5797818552606605,29,79,2,2026-09-12,2026-09-13T05:31:56+00:00
4080220,cn,True,EA SPORTS FC™ 27,game,False,"24 Sep, 2026",True,CNY,248.0,248.0,0,EA CANADA | EA Romania,Electronic Arts,Simulation | Sports,True,0,0,0,0,0,0,0,0,,,,,,,,29,1,2026-09-12,2026-09-13T05:31:56+00:00
1086940,cn,True,Baldur's Gate 3,game,False,"3 Aug, 2023",False,CNY,298.0,298.0,0,Larian Studios,Larian Studios,Adventure | RPG | Strategy,True,857162,829620,27542,101188,97400,3788,755974,732220,0.11805003021599185,0.9678683842727512,0.9625647309957702,0.9685782844383537,-0.005303653276981013,-0.006013553442583475,30,60,2,2026-09-12,2026-09-13T05:31:56+00:00
413150,cn,True,Stardew Valley,game,False,"26 Feb, 2016",False,CNY,48.0,48.0,0,ConcernedApe,ConcernedApe,Indie | RPG | Simulation,True,1037935,1022153,15782,216902,211929,4973,821033,810224,0.2089745504294585,0.9847948089234875,0.9770725949968189,0.9868348775262383,-0.0077222139266686085,-0.009762282529419464,31,,1,2026-09-12,2026-09-13T05:31:56+00:00
3513350,us,False,Wuthering Waves,game,True,"Apr 28, 2025",False,,,,,KURO GAMES,KURO GAMES,Action | Adventure | RPG | Free To Play,True,55714,48845,6869,1495,1175,320,54219,47670,0.02683347094087662,0.8767096241519188,0.7859531772575251,0.8792120843246832,-0.09075644689439366,-0.09325890706715811,,31,1,2026-09-12,2026-09-13T05:31:56+00:00
668580,cn,True,Atomic Heart,game,False,"20 Feb, 2023",False,CNY,239.0,47.8,80,Mundfish,Focus Entertainment | 4Divinity | Mundfish,Action | Adventure | RPG,True,53579,43271,10308,14609,11030,3579,38970,32241,0.27266279699135854,0.8076111909516789,0.7550140324457526,0.827328714395689,-0.05259715850592628,-0.0723146819499364,,32,1,2026-09-12,2026-09-13T05:31:56+00:00
438100,cn,True,VRChat,game,True,"1 Feb, 2017",False,,,,,VRChat Inc.,VRChat Inc.,Adventure | Casual | Massively Multiplayer | Simulation | Sports | Free To Play | Early Access,True,268632,201893,66739,15923,11954,3969,252709,189939,0.05927439768903184,0.7515597546085351,0.7507379262701752,0.7516115373809401,-0.0008218283383598646,-0.0008736111107648936,33,,1,2026-09-12,2026-09-13T05:31:56+00:00
3892270,cn,True,Gamble With Your Friends,game,False,"1 May, 2026",False,CNY,33.0,20.46,38,TEAM GWYF,TENSTACK,Adventure | Indie | Simulation,True,21841,19564,2277,845,735,110,20996,18829,0.038688704729636925,0.8957465317522092,0.8698224852071006,0.8967898647361402,-0.025924046545108603,-0.026967379529039603,,33,1,2026-09-12,2026-09-13T05:31:56+00:00
221100,cn,True,DayZ,game,False,"13 Dec, 2018",False,CNY,239.0,239.0,0,Bohemia Interactive,Bohemia Interactive,Action | Adventure | Massively Multiplayer,True,469304,365393,103911,15107,9638,5469,454197,355755,0.032190222116154986,0.7785848831461057,0.6379823922684849,0.7832614482262102,-0.1406024908776209,-0.1452790559577254,34,,1,2026-09-12,2026-09-13T05:31:56+00:00
3195440,cn,True,Welcome to Elderfield,game,False,"10 Sep, 2026",False,CNY,59.0,53.1,10,Chris Cote,Kwalee,Adventure | Casual | Indie | RPG | Simulation | Strategy,True,631,606,25,59,54,5,572,552,0.09350237717908082,0.9603803486529319,0.9152542372881356,0.965034965034965,-0.04512611136479627,-0.0497807277468294,,34,1,2026-09-12,2026-09-13T05:31:56+00:00
394360,us,False,Hearts of Iron IV,game,False,"Jun 6, 2016",False,USD,49.99,49.99,0,Paradox Development Studio,Paradox Interactive,Simulation | Strategy,True,376497,338836,37661,8864,7444,1420,367633,331392,0.023543348286971744,0.899969986480636,0.8398014440433214,0.9014207103279629,-0.06016854243731462,-0.06161926628464154,35,,1,2026-09-12,2026-09-13T05:31:56+00:00
105600,cn,True,Terraria,game,False,"16 May, 2011",False,CNY,42.0,42.0,0,Re-Logic,Re-Logic,Action | Adventure | Indie | RPG,True,1554473,1513675,40798,203597,199371,4226,1350876,1314304,0.1309749349136331,0.9737544492570794,0.9792433090860867,0.9729271968707712,0.005488859829007264,0.0063161122153154725,36,,1,2026-09-12,2026-09-13T05:31:56+00:00
1245620,cn,True,ELDEN RING,game,False,"24 Feb, 2022",False,CNY,298.0,298.0,0,"FromSoftware, Inc.","FromSoftware, Inc. | Bandai Namco Entertainment",Action | RPG,True,1154371,1074032,80339,250164,226813,23351,904207,847219,0.21671022574198417,0.930404523329155,0.9066572328552469,0.9369746086902667,-0.02374729047390811,-0.03031737583501981,45,36,2,2026-09-12,2026-09-13T05:31:56+00:00
2139460,cn,True,Once Human,game,True,"9 Jul, 2024",False,,,,,Starry Studio,Starry Studio | NetEase Games,Action | Adventure | Casual | Massively Multiplayer | Racing | RPG | Simulation | Strategy | Free To Play,True,187359,147777,39582,19221,10672,8549,168138,137105,0.10258914703857301,0.7887371303220021,0.5552260548358566,0.8154313718493142,-0.23351107548614547,-0.2602053170134576,61,37,2,2026-09-12,2026-09-13T05:31:56+00:00
4656000,cn,True,BOMBANANA!,game,False,"2 Sep, 2026",False,CNY,29.0,29.0,0,Lefto Studio,TARK,Casual | Indie,True,2252,2182,70,409,394,15,1843,1788,0.1816163410301954,0.9689165186500888,0.9633251833740831,0.9701573521432447,-0.005591335276005638,-0.006832168769161595,,38,1,2026-09-12,2026-09-13T05:31:56+00:00
2300320,cn,True,Farming Simulator 25,game,False,"12 Nov, 2024",False,CNY,126.0,126.0,0,GIANTS Software,GIANTS Software,Simulation,True,58130,50722,7408,665,495,170,57465,50227,0.01143987613968691,0.8725615000860141,0.7443609022556391,0.8740450709127295,-0.12820059783037496,-0.12968416865709043,39,94,2,2026-09-12,2026-09-13T05:31:56+00:00
1174180,cn,True,Red Dead Redemption 2,game,False,"5 Dec, 2019",False,CNY,279.0,279.0,0,Rockstar Games,Rockstar Games,Action | Adventure,True,917828,848766,69062,272239,246297,25942,645589,602469,0.29661221928291576,0.9247549649825457,0.9047087301966287,0.9332082795710583,-0.02004623478591705,-0.028499549374429667,40,,1,2026-09-12,2026-09-13T05:31:56+00:00
2246340,cn,True,Monster Hunter Wilds,game,False,"27 Feb, 2025",False,CNY,198.0,148.5,25,"CAPCOM Co., Ltd.","CAPCOM Co., Ltd.",Action | Adventure | RPG,True,329946,162463,167483,106251,21792,84459,223695,140671,0.32202542234183773,0.49239269456214046,0.20509924612474237,0.6288517847962628,-0.2872934484373981,-0.4237525386715204,64,40,2,2026-09-12,2026-09-13T05:31:56+00:00
4739660,us,False,Drag'n Wash,game,False,"Sep 10, 2026",False,USD,14.99,13.49,10,Gator Dragon Games,Gator Dragon Games,Casual | Indie | Simulation,False,1825,1740,85,33,31,2,1792,1709,0.01808219178082192,0.9534246575342465,0.9393939393939394,0.9536830357142857,-0.014030718140307097,-0.01428909632034625,,41,1,2026-09-12,2026-09-13T05:31:56+00:00
3764200,cn,True,Resident Evil Requiem,game,False,"26 Feb, 2026",False,CNY,348.0,243.6,30,"CAPCOM Co., Ltd.","CAPCOM Co., Ltd.",Action | Adventure,True,183817,176363,7454,26110,23719,2391,157707,152644,0.14204344538318,0.9594487996213625,0.9084258904634239,0.9678961618697965,-0.05102290915793861,-0.05947027140637262,,42,1,2026-09-12,2026-09-13T05:31:56+00:00
2456740,cn,True,inZOI,game,False,"27 Mar, 2025",False,CNY,188.0,150.4,20,inZOI Studio,"KRAFTON, Inc.",Adventure | Casual | Simulation | Early Access,True,32810,25363,7447,3762,2170,1592,29048,23193,0.1146601645839683,0.7730265163060043,0.5768208399787347,0.7984370696777747,-0.1962056763272696,-0.22161622969904005,,43,1,2026-09-12,2026-09-13T05:31:56+00:00
3551340,cn,True,Football Manager 26,game,False,"4 Nov, 2025",False,CNY,268.0,268.0,0,Sports Interactive,SEGA,Simulation | Sports | Strategy,True,35966,12738,23228,4782,664,4118,31184,12074,0.13295890563309792,0.35416782516821443,0.13885403596821413,0.38718573627501285,-0.2153137892000003,-0.2483317003067987,43,,1,2026-09-12,2026-09-13T05:31:56+00:00
227300,cn,True,Euro Truck Simulator 2,game,False,"12 Oct, 2012",False,CNY,88.0,88.0,0,SCS Software,SCS Software,Indie | Simulation,True,942277,918171,24106,63098,60611,2487,879179,857560,0.06696332394826575,0.9744172891835415,0.9605851215569432,0.9754100132055019,-0.013832167626598335,-0.014824891648558713,44,93,2,2026-09-12,2026-09-13T05:31:56+00:00
1850570,cn,True,DEATH STRANDING DIRECTOR'S CUT,game,False,"30 Mar, 2022",False,CNY,198.0,49.5,75,KOJIMA PRODUCTIONS, 505 Games,Action | Adventure,True,67942,62676,5266,18749,17675,1074,49193,45001,0.27595596243855053,0.9224927143740249,0.9427169449037281,0.9147846238285935,0.020224230529703235,0.02793232107513466,,44,1,2026-09-12,2026-09-13T05:31:56+00:00
1478500,cn,True,Big Walk,game,False,"4 Aug, 2026",False,CNY,78.0,78.0,0,House House,Panic,Adventure,True,35102,33613,1489,2563,2381,182,32539,31232,0.07301578257649137,0.957580764628796,0.9289894654701522,0.9598328160054089,-0.02859129915864389,-0.030843350535256775,,45,1,2026-09-12,2026-09-13T05:31:56+00:00
311210,cn,True,Call of Duty®: Black Ops III,game,False,"5 Nov, 2015",False,CNY,298.0,74.5,75,Treyarch | Aspyr (Mac),Activision | Aspyr (Mac),Action | Adventure,True,233499,198840,34659,3577,2183,1394,229922,196657,0.015319123422370117,0.8515668161319748,0.610287950796757,0.8553204999956507,-0.2412788653352178,-0.24503254919889372,,46,1,2026-09-12,2026-09-13T05:31:56+00:00
1366800,cn,True,Crosshair X,game,False,"17 Aug, 2020",False,CNY,42.0,42.0,0,CenterPoint Gaming,CenterPoint Gaming,Action | Adventure | Indie | Software Training | Utilities,True,45551,42528,3023,1558,1269,289,43993,41259,0.034203420342034205,0.9336348268973239,0.8145057766367138,0.9378537494601414,-0.11912905026061016,-0.12334797282342769,46,,1,2026-09-12,2026-09-13T05:31:56+00:00
1091500,cn,True,Cyberpunk 2077,game,False,"9 Dec, 2020",False,CNY,298.0,298.0,0,CD PROJEKT RED,CD PROJEKT RED,RPG,True,979481,851010,128471,247486,197760,49726,731995,653250,0.2526705469529271,0.8688376803633762,0.7990755032607905,0.8924241285801132,-0.0697621771025857,-0.09334862531932275,47,95,2,2026-09-12,2026-09-13T05:31:56+00:00
2483190,cn,True,Forza Horizon 6,game,False,"18 May, 2026",False,CNY,298.0,298.0,0,Playground Games,Xbox Game Studios,Racing | Simulation | Sports,True,97674,80363,17311,20436,14638,5798,77238,65725,0.20922661097118989,0.8227675737657923,0.7162849872773537,0.8509412465366788,-0.10648258648843867,-0.13465625925932512,86,47,2,2026-09-12,2026-09-13T05:31:56+00:00
289070,cn,True,Sid Meier’s Civilization® VI,game,False,"20 Oct, 2016",False,CNY,220.0,22.0,90,Firaxis Games | Aspyr (Mac) | Aspyr (Linux),2K | Aspyr (Mac) | Aspyr (Linux),Strategy,True,378963,326457,52506,136244,117148,19096,242719,209309,0.3595179476624367,0.8614482152611205,0.8598396993629077,0.8623511138394604,-0.001608515898212759,-0.002511414476552676,48,,1,2026-09-12,2026-09-13T05:31:56+00:00
1295660,cn,True,Sid Meier's Civilization VII,game,False,"10 Feb, 2025",False,CNY,298.0,149.0,50,Firaxis Games,2K,Simulation | Strategy,True,61637,29138,32499,8862,3025,5837,52775,26113,0.14377727663578693,0.47273553222901826,0.34134506883322047,0.4947986736144008,-0.1313904633957978,-0.1534536047811803,,49,1,2026-09-12,2026-09-13T05:31:56+00:00
1938090,cn,True,Call of Duty®,game,False,"27 Oct, 2022",False,,,,,Treyarch | Raven Software | Beenox | High Moon Studios | Sledgehammer Games | Infinity Ward | Activision Shanghai | Demonware,Activision,Action,True,781362,457386,323976,136759,60896,75863,644603,396490,0.17502642821125164,0.5853701613336713,0.4452796525274388,0.6150917696628778,-0.14009050880623247,-0.16981211713543903,49,,1,2026-09-12,2026-09-13T05:31:56+00:00
4000,cn,True,Garry's Mod,game,False,"29 Nov, 2006",False,CNY,36.0,18.0,50,Facepunch Studios,Valve,Casual | Indie | Simulation,True,1264356,1224834,39522,39309,38033,1276,1225047,1186801,0.03109013600599831,0.968741398783254,0.9675392403775217,0.9687799733397984,-0.0012021584057323453,-0.0012407329622766694,50,,1,2026-09-12,2026-09-13T05:31:56+00:00
2050650,cn,True,Resident Evil 4,game,False,"23 Mar, 2023",False,CNY,198.0,49.5,75,"CAPCOM Co., Ltd.","CAPCOM Co., Ltd.",Action | Adventure,True,276346,269028,7318,67081,65245,1836,209265,203783,0.2427427934545823,0.9735187048120834,0.9726301039042352,0.9738035505220654,-0.0008886009078481472,-0.0011734466178301428,,50,1,2026-09-12,2026-09-13T05:31:56+00:00
3357650,cn,True,PRAGMATA,game,False,"16 Apr, 2026",False,CNY,268.0,214.4,20,"CAPCOM Co., Ltd.","CAPCOM Co., Ltd.",Action | Adventure,True,52592,50777,1815,9596,9056,540,42996,41721,0.18246121083054456,0.9654890477639184,0.9437265527303043,0.9703460787049958,-0.02176249503361416,-0.026619525974691527,,51,1,2026-09-12,2026-09-13T05:31:56+00:00
1142710,cn,True,Total War: WARHAMMER III,game,False,"16 Feb, 2022",False,CNY,298.0,298.0,0,CREATIVE ASSEMBLY | Feral Interactive,SEGA | Feral Interactive,Action | Strategy,True,148440,106132,42308,23680,14343,9337,124760,91789,0.15952573430342226,0.7149824845055242,0.6057010135135135,0.735724591215133,-0.10928147099201069,-0.13002357770161954,52,63,2,2026-09-12,2026-09-13T05:31:56+00:00
3564740,us,False,Where Winds Meet,game,True,"Nov 14, 2025",False,,,,,Everstone Studio,NetEase Games,Action | Adventure | Casual | Indie | Massively Multiplayer | Racing | RPG | Simulation | Strategy | Free To Play,True,114575,99057,15518,2547,2046,501,112028,97011,0.02222998036220816,0.8645603316604844,0.8032979976442874,0.8659531545685007,-0.06126233401619696,-0.0626551569242133,,52,1,2026-09-12,2026-09-13T05:31:56+00:00
218620,cn,True,PAYDAY 2,game,False,"13 Aug, 2013",False,CNY,35.0,17.5,50,OVERKILL - a Starbreeze Studio.,Starbreeze Entertainment,Action | RPG,True,674642,602796,71846,42705,36867,5838,631937,565929,0.06330023923799585,0.8935049996887238,0.8632946961714085,0.8955465497351793,-0.03021030351731524,-0.032251853563770805,53,,1,2026-09-12,2026-09-13T05:31:56+00:00
3768760,cn,True,007 First Light,game,False,"26 May, 2026",False,CNY,298.0,238.4,20,IO Interactive A/S,IO Interactive A/S,Action | Adventure,True,45733,41770,3963,7558,6831,727,38175,34939,0.16526359521570858,0.9133448494522555,0.9038105318867425,0.9152324819908317,-0.009534317565512929,-0.011421950104089196,,53,1,2026-09-12,2026-09-13T05:31:56+00:00
251570,cn,True,7 Days to Die,game,False,"25 Jul, 2024",False,CNY,152.0,152.0,0,The Fun Pimps,The Fun Pimps Entertainment LLC,Action | Adventure | Indie | RPG | Simulation | Strategy,True,400755,348763,51992,53095,45194,7901,347660,303569,0.13248742997592045,0.8702648750483463,0.8511912609473585,0.8731778174078122,-0.019073614100987735,-0.021986556460453666,54,,1,2026-09-12,2026-09-13T05:31:56+00:00
1029690,cn,True,Sniper Elite 5,game,False,"25 May, 2022",False,CNY,138.0,13.8,90,Rebellion,Rebellion,Action | Adventure,True,30311,25395,4916,4160,3009,1151,26151,22386,0.13724390485302365,0.8378146547458019,0.7233173076923077,0.8560284501548698,-0.11449734705349413,-0.1327111424625621,,54,1,2026-09-12,2026-09-13T05:31:56+00:00
489830,cn,True,The Elder Scrolls V: Skyrim Special Edition,game,False,"27 Oct, 2016",False,CNY,165.0,165.0,0,Bethesda Game Studios,Bethesda Softworks,RPG,False,377239,347803,29436,26568,23461,3107,350671,324342,0.0704275008681499,0.9219698917662278,0.88305480277025,0.9249182281967998,-0.03891508899597784,-0.04186342542654986,55,,1,2026-09-12,2026-09-13T05:31:56+00:00
2169200,cn,True,Sniper Elite: Resistance,game,False,"30 Jan, 2025",False,CNY,168.0,67.2,60,Rebellion,Rebellion,Action | Adventure,True,6054,4574,1480,401,257,144,5653,4317,0.06623719854641559,0.7555335315493888,0.6408977556109726,0.7636653104546258,-0.11463577593841623,-0.1227675548436532,,55,1,2026-09-12,2026-09-13T05:31:56+00:00
261550,cn,True,Mount & Blade II: Bannerlord,game,False,"25 Oct, 2022",False,CNY,248.0,248.0,0,TaleWorlds Entertainment,TaleWorlds Entertainment,Action | Indie | RPG | Simulation | Strategy,True,297463,260775,36688,72868,62880,9988,224595,197895,0.244964920006858,0.8766636522861667,0.8629302300049404,0.8811193481600214,-0.013733422281226315,-0.018189118155080952,56,,1,2026-09-12,2026-09-13T05:31:56+00:00
3932890,cn,True,Escape from Tarkov,game,False,"15 Nov, 2025",False,CNY,199.99,199.99,0,Battlestate Games,Battlestate Games,Action | Massively Multiplayer | RPG | Simulation,True,64369,31750,32619,15705,3654,12051,48664,28096,0.2439839052960276,0.49324985629728596,0.23266475644699142,0.5773467039289825,-0.26058509985029454,-0.34468194748199105,73,56,2,2026-09-12,2026-09-13T05:31:56+00:00
594650,cn,True,Hunt: Showdown 1896,game,False,"27 Aug, 2019",False,CNY,128.0,51.2,60,Crytek,Crytek,Action,True,278338,205180,73158,46467,28606,17861,231871,176574,0.16694450631965452,0.7371612931040677,0.6156196870897627,0.7615182579969034,-0.12154160601430508,-0.14589857090714076,72,57,2,2026-09-12,2026-09-13T05:31:56+00:00
2073620,cn,True,Arena Breakout: Infinite,game,True,"15 Sep, 2025",False,,,,,Morefun Studios,Morefun Studios,Action | Adventure | Massively Multiplayer | RPG | Strategy | Free To Play,True,78498,58026,20472,5238,3392,1846,73260,54634,0.06672781472139418,0.7392035465871742,0.6475754104620084,0.7457548457548457,-0.09162813612516585,-0.09817943529283735,57,,1,2026-09-12,2026-09-13T05:31:56+00:00
3527290,cn,True,PEAK,game,False,"16 Jun, 2025",False,CNY,33.0,33.0,0,Team PEAK,Aggro Crab | Evil Landfall?,Action | Adventure | Indie,True,370541,350005,20536,22296,18597,3699,348245,331408,0.06017147899962487,0.9445783327620965,0.8340958019375673,0.9516518542979798,-0.11048253082452919,-0.11755605236041256,58,84,2,2026-09-12,2026-09-13T05:31:56+00:00
3949040,cn,True,RV There Yet?,game,False,"21 Oct, 2025",False,CNY,33.0,19.8,40,Nuggets Entertainment,Nuggets Entertainment,Action | Adventure | Indie,True,84773,76462,8311,3323,2463,860,81450,73999,0.03919880150519623,0.9019617095065646,0.741197712910021,0.9085205647636587,-0.1607639965965436,-0.1673228518536377,100,58,2,2026-09-12,2026-09-13T05:31:56+00:00
1222670,cn,True,The Sims™ 4,game,True,"18 Jun, 2020",False,,,,,Maxis,Electronic Arts,Adventure | Casual | Simulation | Free To Play,True,200210,172868,27342,16574,11984,4590,183636,160884,0.08278307776834323,0.8634333949353179,0.7230602147942561,0.876102724955891,-0.14037318014106182,-0.15304251016163495,59,98,2,2026-09-12,2026-09-13T05:31:56+00:00
4659620,cn,True,Touhou Koumakyou: New Classic - the Embodiment of Scarlet Devil,game,False,"9 Sep, 2026",False,,,,,上海アリス幻樂団 | 上海アリスReprise,Alliance Arts,Action | Indie,True,3364,3317,47,1002,985,17,2362,2332,0.2978596908442331,0.9860285374554102,0.9830339321357285,0.9872988992379339,-0.0029946053196816536,-0.004264967102205364,,59,1,2026-09-12,2026-09-13T05:31:56+00:00
294100,cn,True,RimWorld,game,False,"17 Oct, 2018",False,CNY,128.0,128.0,0,Ludeon Studios,Ludeon Studios,Indie | Simulation | Strategy,True,246162,240860,5302,32020,31126,894,214142,209734,0.1300769412013227,0.9784613384681632,0.9720799500312305,0.9794155280141215,-0.0063813884369327,-0.007335577982890973,60,,1,2026-09-12,2026-09-13T05:31:56+00:00
3271280,cn,True,Shroom and Gloom,game,False,"10 Sep, 2026",False,CNY,59.0,59.0,0,Team Lazerbeam,Devolver Digital,Adventure | Indie | Early Access,True,469,428,41,57,34,23,412,394,0.12153518123667377,0.9125799573560768,0.5964912280701754,0.9563106796116505,-0.31608872928590137,-0.3598194515414751,,61,1,2026-09-12,2026-09-13T05:31:56+00:00
3321460,cn,True,Crimson Desert Enhanced,game,False,"19 Mar, 2026",False,CNY,268.0,268.0,0,Pearl Abyss,Pearl Abyss,Action | Adventure,True,172845,144735,28110,24755,17380,7375,148090,127355,0.14322080476727703,0.8373687407793109,0.7020803878004443,0.8599837936390033,-0.13528835297886654,-0.157903405838559,62,62,2,2026-09-12,2026-09-13T05:31:56+00:00
2399830,cn,True,ARK: Survival Ascended,game,False,"25 Oct, 2023",False,CNY,248.0,248.0,0,Studio Wildcard | Grove Street Games | Instinct Games,Studio Wildcard | Snail Games USA,Action | Adventure | Indie | Massively Multiplayer | RPG | Early Access,True,117520,70415,47105,10176,4116,6060,107344,66299,0.08658951667801225,0.5991746085772635,0.4044811320754717,0.6176311670889849,-0.19469347650179175,-0.2131500350135132,63,,1,2026-09-12,2026-09-13T05:31:56+00:00
2536520,us,False,Diablo II: Resurrected – Infernal Edition,game,False,"Feb 11, 2026",False,USD,39.99,27.99,30,"Blizzard Entertainment, Inc.","Blizzard Entertainment, Inc.",Action | RPG | Strategy,False,6028,5217,811,155,106,49,5873,5111,0.025713337757133376,0.8654611811546118,0.6838709677419355,0.8702537033883876,-0.18159021341267634,-0.18638273564645214,,64,1,2026-09-12,2026-09-13T05:31:56+00:00
1808500,us,False,ARC Raiders,game,False,"Oct 30, 2025",False,USD,39.99,39.99,0,Embark Studios,Embark Studios,Action,True,415713,340632,75081,5788,3922,1866,409925,336710,0.013923067116015136,0.819392224924407,0.6776088458880443,0.8213941574678295,-0.14178337903636273,-0.14378531157978525,65,,1,2026-09-12,2026-09-13T05:31:56+00:00
3241660,cn,True,R.E.P.O.,game,False,"26 Feb, 2025",False,CNY,35.0,22.75,35,semiwork,semiwork,Action | Early Access,False,423060,406164,16896,16178,14962,1216,406882,391202,0.038240438708457426,0.9600624024960999,0.9248361973049821,0.9614630285930564,-0.03522620519111774,-0.03662683128807431,66,70,2,2026-09-12,2026-09-13T05:31:56+00:00
39210,us,False,FINAL FANTASY XIV Online,game,False,"Feb 18, 2014",False,USD,19.99,19.99,0,Square Enix,Square Enix,Massively Multiplayer | RPG,False,85719,74167,11552,608,385,223,85111,73782,0.007092943221456153,0.865234078792333,0.6332236842105263,0.8668914711376908,-0.23201039458180672,-0.2336677869271645,67,90,2,2026-09-12,2026-09-13T05:31:56+00:00
2288340,cn,True,ACE COMBAT 8: WINGS OF THEVE,game,False,"1 Oct, 2026",True,CNY,298.0,298.0,0,Bandai Namco Aces Inc.,Bandai Namco Entertainment Inc.,Action,True,0,0,0,0,0,0,0,0,,,,,,,,67,1,2026-09-12,2026-09-13T05:31:56+00:00
284160,cn,True,BeamNG.drive,game,False,"29 May, 2015",False,CNY,68.0,68.0,0,BeamNG,BeamNG,Racing | Simulation | Early Access,True,418197,406497,11700,6423,6170,253,411774,400327,0.015358790235224068,0.9720227548260748,0.96061030671026,0.9722007703254698,-0.011412448115814766,-0.011590463615209767,68,,1,2026-09-12,2026-09-13T05:31:56+00:00
3493540,cn,True,Transport Fever 3,game,False,"29 Sep, 2026",True,CNY,198.0,198.0,0,Urban Games,Paradox Interactive,Casual | Simulation | Strategy,True,0,0,0,0,0,0,0,0,,,,,,,,68,1,2026-09-12,2026-09-13T05:31:56+00:00
582660,us,False,Black Desert,game,False,"May 24, 2017",False,USD,9.99,9.99,0,Pearl Abyss,Pearl Abyss,Action | Adventure | Massively Multiplayer | RPG | Strategy,False,94305,69320,24985,1503,932,571,92802,68388,0.015937649117226022,0.7350617676687344,0.6200931470392548,0.7369237731945433,-0.11496862062947966,-0.1168306261552885,80,69,2,2026-09-12,2026-09-13T05:31:56+00:00
550,cn,True,Left 4 Dead 2,game,False,"16 Nov, 2009",False,CNY,42.0,42.0,0,Valve,Valve,Action,True,1057762,1031544,26218,214608,208443,6165,843154,823101,0.2028887405673488,0.9752137059187227,0.9712732050995303,0.97621668165009,-0.003940500819192394,-0.004943476550559711,70,,1,2026-09-12,2026-09-13T05:31:56+00:00
1905180,cn,True,OBS Studio,game,True,"21 Mar, 2022",False,,,,,OBS Project,OBS Project,Utilities | Video Production,True,57190,54513,2677,7328,7130,198,49862,47383,0.1281342892114006,0.9531911173282043,0.9729803493449781,0.9502827804741085,0.01978923201677385,0.0226975688708696,71,,1,2026-09-12,2026-09-13T05:31:56+00:00
3059520,cn,True,F1® 25,game,False,"30 May, 2025",False,CNY,248.0,173.6,30,Codemasters,Electronic Arts,Racing | Sports,True,29237,25422,3815,2418,1774,644,26819,23648,0.08270342374388617,0.8695146560864658,0.7336641852770885,0.8817629292665647,-0.1358504708093773,-0.1480987439894762,,71,1,2026-09-12,2026-09-13T05:31:56+00:00
1149460,cn,True,ICARUS,game,False,"3 Dec, 2021",False,CNY,128.0,128.0,0,RocketWerkz,RocketWerkz,Action | Adventure | Simulation,True,68369,51043,17326,3064,1167,1897,65305,49876,0.04481563281604236,0.7465810528163349,0.3808746736292428,0.7637393767705383,-0.3657063791870921,-0.38286470314129545,,72,1,2026-09-12,2026-09-13T05:31:56+00:00
552990,cn,True,World of Warships,game,True,"15 Nov, 2017",False,,,,,Wargaming Group Limited,Wargaming Group Limited,Action | Massively Multiplayer | Simulation | Strategy | Free To Play,True,156457,119493,36964,59965,39178,20787,96492,80315,0.38326824622739797,0.7637433927532804,0.6533477862086217,0.8323487957550885,-0.11039560654465874,-0.1790010095464668,,73,1,2026-09-12,2026-09-13T05:31:56+00:00
4150860,cn,True,The Loopler,game,False,"11 Sep, 2026",False,CNY,49.99,44.99,10,Mheep,Mheep | Zero Percent,Casual | Indie | Racing | Simulation | Strategy,True,139,132,7,3,2,1,136,130,0.02158273381294964,0.9496402877697842,0.6666666666666666,0.9558823529411765,-0.2829736211031175,-0.2892156862745099,,74,1,2026-09-12,2026-09-13T05:31:56+00:00
1973530,cn,True,Limbus Company,game,True,"26 Feb, 2023",False,,,,,ProjectMoon,ProjectMoon,Free To Play,False,118085,104182,13903,27746,22183,5563,90339,81999,0.23496633780751153,0.8822627768133124,0.7995026310098753,0.9076810679772855,-0.08276014580343716,-0.10817843696741025,75,,1,2026-09-12,2026-09-13T05:31:56+00:00
2060160,cn,True,The Farmer Was Replaced,game,False,"10 Oct, 2025",False,CNY,42.0,33.6,20,Timon Herzog,Metaroot | Timon Herzog,Casual | Indie | Simulation | Strategy,True,9318,8904,414,1257,1171,86,8061,7733,0.13490019317450097,0.9555698647778493,0.9315831344470963,0.959310259273043,-0.023986730330753048,-0.027727124825946747,,75,1,2026-09-12,2026-09-13T05:31:56+00:00
1665460,us,False,eFootball™,game,True,"Sep 29, 2021",False,,,,,KONAMI,KONAMI,Simulation | Sports | Free To Play,True,117618,60931,56687,1614,787,827,116004,60144,0.013722389430189257,0.5180414562396912,0.4876084262701363,0.5184648805213613,-0.030433029969554937,-0.03085645425122502,76,,1,2026-09-12,2026-09-13T05:31:56+00:00
376210,cn,True,The Isle,game,False,"1 Dec, 2015",False,CNY,76.0,76.0,0,Afterthought LLC,Afterthought LLC,Action | Adventure | Indie | Massively Multiplayer | Simulation | Early Access,False,120487,96598,23889,5780,4047,1733,114707,92551,0.047971980379626016,0.8017296471818537,0.7001730103806229,0.8068470102086185,-0.10155663680123084,-0.10667399982799564,77,85,2,2026-09-12,2026-09-13T05:31:56+00:00
1449850,cn,True,Yu-Gi-Oh! Master Duel,game,True,"18 Jan, 2022",False,,,,,KONAMI,KONAMI,Simulation | Strategy | Free To Play,True,101582,72474,29108,12018,7344,4674,89564,65130,0.11830836171762714,0.713453170837353,0.6110833749375936,0.7271894957795543,-0.10236979589975947,-0.1161061208419607,,77,1,2026-09-12,2026-09-13T05:31:56+00:00
1158310,cn,True,Crusader Kings III,game,False,"1 Sep, 2020",False,CNY,198.0,198.0,0,Paradox Development Studio,Paradox Interactive,RPG | Simulation | Strategy,True,143627,129907,13720,22830,20313,2517,120797,109594,0.15895340012671713,0.9044747853815787,0.8897503285151117,0.9072576305702956,-0.01472445686646695,-0.017507302055183915,78,,1,2026-09-12,2026-09-13T05:31:56+00:00
5053820,cn,True,Mimic Party,game,False,"27 Aug, 2026",False,CNY,29.0,29.0,0,FoliesAPP,FoliesAPP,Casual,True,386,174,212,32,5,27,354,169,0.08290155440414508,0.45077720207253885,0.15625,0.4774011299435028,-0.29452720207253885,-0.3211511299435028,,78,1,2026-09-12,2026-09-13T05:31:56+00:00
322330,cn,True,Don't Starve Together,game,False,"21 Apr, 2016",False,CNY,24.0,24.0,0,Klei Entertainment,Klei Entertainment,Action | Adventure | Indie | RPG | Simulation | Strategy,True,542957,515322,27635,165929,154354,11575,377028,360968,0.30560246944048974,0.9491027834616738,0.9302412477625972,0.9574036941553412,-0.01886153569907656,-0.02716244639274401,79,,1,2026-09-12,2026-09-13T05:31:56+00:00
2584270,cn,True,Mortal Shell II,game,False,"20 Aug, 2026",False,CNY,198.0,198.0,0,Cold Symmetry,Playstack,Action | RPG,True,19486,15257,4229,3115,1651,1464,16371,13606,0.15985835984809607,0.7829723904341579,0.530016051364366,0.8311037810762935,-0.25295633906979187,-0.30108772971192743,,80,1,2026-09-12,2026-09-13T05:31:56+00:00
813780,cn,True,Age of Empires II: Definitive Edition,game,False,"14 Nov, 2019",False,CNY,188.0,188.0,0,World's Edge | Forgotten Empires | CaptureAge | Tantalus Media | Wicked Witch | Feral Interactive,Xbox Game Studios,Strategy,True,182257,172997,9260,23735,21835,1900,158522,151162,0.13022819425316998,0.9491926236029343,0.9199494417526859,0.9535711131577951,-0.029243181850248434,-0.03362167140510919,81,,1,2026-09-12,2026-09-13T05:31:56+00:00
2421750,cn,True,Gunman Contracts - Stand Alone,game,False,"10 Sep, 2026",False,CNY,93.0,93.0,0,ANB_Seth,2080 Games,Action | Indie | Early Access,False,855,673,182,30,18,12,825,655,0.03508771929824561,0.7871345029239766,0.6,0.793939393939394,-0.1871345029239766,-0.19393939393939397,,81,1,2026-09-12,2026-09-13T05:31:56+00:00
427520,cn,True,Factorio,game,False,"14 Aug, 2020",False,CNY,130.0,130.0,0,Wube Software LTD.,Wube Software LTD.,Casual | Indie | Simulation | Strategy,True,234516,228685,5831,13986,13188,798,220530,215497,0.059637721946477,0.9751360248341264,0.9429429429429429,0.9771777082483109,-0.03219308189118353,-0.034234765305367953,82,,1,2026-09-12,2026-09-13T05:31:56+00:00
252950,us,False,Rocket League®,game,False,"Jul 6, 2015",False,,,,,Psyonix LLC,Psyonix LLC,Action | Indie | Racing | Sports,False,580046,508333,71713,2249,1298,951,577797,507035,0.0038772786985859743,0.8763667019512246,0.5771453979546465,0.8775313821290176,-0.2992213039965781,-0.3003859841743711,83,,1,2026-09-12,2026-09-13T05:31:56+00:00
4704690,cn,True,MECCHA CHAMELEON,game,False,"9 Jun, 2026",False,CNY,26.0,26.0,0,lemorion_1224,lemorion_1224,Casual,True,88438,77393,11045,6232,3878,2354,82206,73515,0.07046744612044596,0.8751102467265203,0.6222721437740694,0.89427778994234,-0.2528381029524509,-0.2720056461682706,,83,1,2026-09-12,2026-09-13T05:31:56+00:00
1643320,cn,True,S.T.A.L.K.E.R. 2: Heart of Chornobyl,game,False,"20 Nov, 2024",False,CNY,268.0,268.0,0,GSC Game World,GSC Game World (worldwide) | SEGA (Japan) | 4Divinity (China and South East Asia),Action | Adventure | RPG,True,140267,112069,28198,7223,3793,3430,133044,108276,0.0514946494899014,0.7989691089137145,0.5251280631316627,0.8138360241724543,-0.2738410457820518,-0.28870796104079155,84,,1,2026-09-12,2026-09-13T05:31:56+00:00
1818450,cn,True,STALZONE,game,True,"9 Dec, 2022",False,,,,,EXBO,EXBO,Action | Massively Multiplayer | RPG | Free To Play,False,108365,78211,30154,914,576,338,107451,77635,0.008434457620080283,0.7217367231117058,0.6301969365426696,0.722515379103033,-0.09153978656903616,-0.09231844256036337,85,,1,2026-09-12,2026-09-13T05:31:56+00:00
739630,cn,True,Phasmophobia,game,False,"18 Sep, 2020",False,CNY,68.0,68.0,0,Kinetic Games,Kinetic Games,Action | Indie | Early Access,True,839234,791999,47235,27417,24865,2552,811817,767134,0.032669076800987566,0.9437165319803535,0.9069190648138017,0.9449592703774373,-0.036797467166551856,-0.03804020556363563,,86,1,2026-09-12,2026-09-13T05:31:56+00:00
4115450,cn,True,Phantom Blade Zero,game,False,"28 Oct, 2026",True,CNY,268.0,268.0,0,S-GAME Studio,S-GAME Publishing,Action | RPG,True,0,0,0,0,0,0,0,0,,,,,,,,87,1,2026-09-12,2026-09-13T05:31:56+00:00
526870,cn,True,Satisfactory,game,False,"10 Sep, 2024",False,CNY,136.0,136.0,0,Coffee Stain Studios,Coffee Stain Publishing,Adventure | Indie | Simulation | Strategy,True,279290,271659,7631,13086,12182,904,266204,259477,0.04685452397149916,0.9726771456192488,0.9309185388965306,0.9747299063875825,-0.04175860672271814,-0.043811367491051856,88,,1,2026-09-12,2026-09-13T05:31:56+00:00
3669870,cn,True,CONTROL Resonant,game,False,"24 Sep, 2026",True,CNY,268.0,268.0,0,Remedy Entertainment,Remedy Entertainment,Action | Adventure | RPG,True,0,0,0,0,0,0,0,0,,,,,,,,88,1,2026-09-12,2026-09-13T05:31:56+00:00
3722330,cn,True,Shift At Midnight,game,False,"22 Jul, 2026",False,CNY,38.0,38.0,0,Bun Muen,Kwalee,Indie | Simulation,True,11722,10294,1428,3377,2528,849,8345,7766,0.2880907694932605,0.8781777853608599,0.7485934261178561,0.9306171360095866,-0.12958435924300382,-0.18202370989173056,,89,1,2026-09-12,2026-09-13T05:31:56+00:00
292030,cn,True,The Witcher 3: Wild Hunt - Complete Edition,game,False,"18 May, 2015",False,CNY,199.0,199.0,0,CD PROJEKT RED,CD PROJEKT RED,RPG,True,887655,858835,28820,208399,198146,10253,679256,660689,0.23477477173000771,0.9675324309557204,0.9508011074909188,0.9726656812748066,-0.01673132346480155,-0.02186457378388773,90,,1,2026-09-12,2026-09-13T05:31:56+00:00
1085660,cn,True,Destiny 2,game,True,"1 Oct, 2019",False,,,,,Bungie,Bungie,Action | Adventure | Free To Play,True,661869,519904,141965,98456,70233,28223,563413,449671,0.14875451184448887,0.785508914906122,0.7133440318517916,0.7981196741999208,-0.07216488305433033,-0.08477564234812918,91,,1,2026-09-12,2026-09-13T05:31:56+00:00
4162040,us,False,Zenless Zone Zero,game,True,"Jun 16, 2026",False,,,,,COGNOSPHERE PTE. LTD.,COGNOSPHERE PTE. LTD.,Action | Adventure | RPG | Free To Play,True,16101,14130,1971,362,255,107,15739,13875,0.022483075585367367,0.8775852431525992,0.7044198895027625,0.8815680792934748,-0.17316535364983676,-0.17714818979071234,,91,1,2026-09-12,2026-09-13T05:31:56+00:00
346110,cn,True,ARK: Survival Evolved,game,False,"27 Aug, 2017",False,CNY,58.0,58.0,0,Studio Wildcard | Instinct Games | Efecto Studios | Virtual Basement LLC,Studio Wildcard | Snail Games USA,Action | Adventure | Indie | Massively Multiplayer | RPG,True,777603,647999,129604,95595,78907,16688,682008,569092,0.12293548250199653,0.8333288323218918,0.8254302003242847,0.8344359596954875,-0.007898631997607097,-0.009005759371202737,92,,1,2026-09-12,2026-09-13T05:31:56+00:00
3393110,us,False,AION 2,game,True,"Oct 5, 2026",True,,,,,NC,NC,Action | Adventure | Massively Multiplayer | RPG | Free To Play,False,0,0,0,0,0,0,0,0,,,,,,,,92,1,2026-09-12,2026-09-13T05:31:56+00:00
629520,cn,True,Soundpad,game,False,"30 Sep, 2017",False,CNY,22.0,22.0,0,Leppsoft,Leppsoft,Audio Production | Utilities,True,104305,100093,4212,3111,2979,132,101194,97114,0.02982599108384066,0.9596184267293035,0.9575699132111861,0.9596814040358124,-0.002048513518117412,-0.00211149082462625,93,,1,2026-09-12,2026-09-13T05:31:56+00:00
1203220,cn,True,NARAKA: BLADEPOINT,game,True,"11 Aug, 2021",False,,,,,24 Entertainment,NetEase Games ,Action | Adventure | Massively Multiplayer | Free To Play,True,302739,221963,80776,252465,181488,70977,50274,40475,0.8339361628333317,0.7331827085377173,0.7188640009506269,0.8050881171181923,-0.014318707587090418,-0.08622411616756542,94,,1,2026-09-12,2026-09-13T05:31:56+00:00
1374490,cn,True,RuneScape: Dragonwilds,game,False,"15 Apr, 2025",False,CNY,118.0,118.0,0,Jagex Ltd,"Jagex Ltd | H2 Interactive Co., Ltd. | Graph",Action | Adventure | RPG | Early Access,True,29639,24091,5548,640,293,347,28999,23798,0.02159317115962077,0.8128141975100375,0.4578125,0.8206489878961344,-0.35500169751003746,-0.3628364878961344,,96,1,2026-09-12,2026-09-13T05:31:56+00:00
2252570,cn,True,Football Manager 2024,game,False,"6 Nov, 2023",False,,,,,Sports Interactive,SEGA,Simulation | Sports | Strategy,True,28547,26147,2400,3354,2873,481,25193,23274,0.11749045433845938,0.9159281185413528,0.8565891472868217,0.9238280474735046,-0.059338971254531137,-0.06723890018668288,96,,1,2026-09-12,2026-09-13T05:31:56+00:00
3940610,cn,True,EA SPORTS™ Madden NFL 27,game,False,"13 Aug, 2026",False,CNY,348.0,348.0,0,Tiburon,Electronic Arts,Simulation | Sports | Strategy,False,818,284,534,4,1,3,814,283,0.004889975550122249,0.3471882640586797,0.25,0.3476658476658477,-0.0971882640586797,-0.09766584766584768,,97,1,2026-09-12,2026-09-13T05:31:56+00:00
8930,cn,True,Sid Meier's Civilization® V,game,False,"23 Sep, 2010",False,CNY,95.0,23.75,75,Firaxis Games | Aspyr (Mac) | Aspyr (Linux),2K | Aspyr (Mac) | Aspyr (Linux),Strategy,False,210775,201505,9270,15298,14312,986,195477,187193,0.07257976515241371,0.9560194520222987,0.9355471303438357,0.9576216127728582,-0.020472321678462913,-0.022074482429022435,98,,1,2026-09-12,2026-09-13T05:31:56+00:00
518790,cn,True,theHunter: Call of the Wild™,game,True,"16 Feb, 2017",False,CNY,70.0,10.5,85,Expansive Worlds,Avalanche Studios,Adventure | Simulation | Sports,True,202613,180504,22109,53761,45607,8154,148852,134897,0.26533835439976705,0.8908806443811601,0.8483287141236212,0.9062491602397011,-0.042551930257538895,-0.05792044611607994,,99,1,2026-09-12,2026-09-13T05:31:56+00:00
219990,cn,True,Grim Dawn,game,False,"25 Feb, 2016",False,CNY,93.0,93.0,0,Crate Entertainment,Crate Entertainment,Action | Adventure | Indie | RPG,True,109645,102480,7165,24518,22065,2453,85127,80415,0.2236125678325505,0.9346527429431346,0.899951056366751,0.9446474091651298,-0.03470168657638362,-0.0446963527983788,,100,1,2026-09-12,2026-09-13T05:31:56+00:00
